Date,Channel Name,Total Views,Total Subscribers
2025-02-15,Geo Entertainment,1409097110,3570000
2025-02-15,Geo News,9244804248,17600000
2025-02-15,Samma Entertainment,89061761,166000
2025-02-15,Samma News,6009497854,12300000
2025-02-15,Dawn news,692796237,1880000
2025-02-15,Express News,1534419118,4630000
2025-02-15,Geo Entertainment,1409097110,3570000
2025-02-15,Geo News,9244804248,17600000
2025-02-15,Samma Entertainment,89061761,166000
2025-02-15,Samma News,6009497854,12300000
2025-02-15,Dawn news,692796237,1880000
2025-02-15,Express News,1534419118,4630000
2025-02-16,Geo Entertainment,1409919832,3570000
2025-02-16,Geo News,9249335807,17600000
2025-02-16,Samma Entertainment,89077438,166000
2025-02-16,Samma News,6013758241,12300000
2025-02-16,Dawn news,693546536,1880000
2025-02-16,Express News,1535346794,4630000
2025-02-17,Geo Entertainment,1411099182,3570000
2025-02-17,Geo News,9254027722,17600000
2025-02-17,Samma Entertainment,89091957,166000
2025-02-17,Samma News,6017776715,12300000
2025-02-17,Dawn news,693950091,1880000
2025-02-17,Express News,1536441833,4630000
2025-02-18,Geo Entertainment,1411954803,3570000
2025-02-18,Geo News,9258608678,17700000
2025-02-18,Samma Entertainment,89104507,166000
2025-02-18,Samma News,6021912989,12300000
2025-02-18,Dawn news,694305423,1880000
2025-02-18,Express News,1537726892,4640000
2025-02-19,Geo Entertainment,1412839004,3570000
2025-02-19,Geo News,9263599626,17700000
2025-02-19,Samma Entertainment,89119738,166000
2025-02-19,Samma News,6026456770,12300000
2025-02-19,Dawn news,694743638,1880000
2025-02-19,Express News,1539263120,4640000
2025-02-20,Geo Entertainment,1413444205,3570000
2025-02-20,Geo News,9268865546,17700000
2025-02-20,Samma Entertainment,89136958,166000
2025-02-20,Samma News,6030590511,12300000
2025-02-20,Dawn news,695115526,1890000
2025-02-20,Express News,1540657510,4640000
2025-02-21,Geo Entertainment,1413908707,3580000
2025-02-21,Geo News,9273479474,17700000
2025-02-21,Samma Entertainment,89174163,166000
2025-02-21,Samma News,6033975760,12300000
2025-02-21,Dawn news,695533537,1890000
2025-02-21,Express News,1542108122,4650000
2025-02-22,Geo Entertainment,1414394744,3580000
2025-02-22,Geo News,9278665171,17700000
2025-02-22,Samma Entertainment,89236095,166000
2025-02-22,Samma News,6038376139,12300000
2025-02-22,Dawn news,696156982,1890000
2025-02-22,Express News,1543677972,4650000
2025-02-23,Geo Entertainment,1414896193,3580000
2025-02-23,Geo News,9283464349,17700000
2025-02-23,Samma Entertainment,89279737,166000
2025-02-23,Samma News,6042620994,12300000
2025-02-23,Dawn news,696534832,1890000
2025-02-23,Express News,1545037536,4650000
2025-02-24,Geo Entertainment,1415524626,3580000
2025-02-24,Geo News,9290757827,17700000
2025-02-24,Samma Entertainment,89350524,166000
2025-02-24,Samma News,6047975513,12400000
2025-02-24,Dawn news,696896119,1890000
2025-02-24,Express News,1546279881,4650000
2025-02-25,Geo Entertainment,1416116576,3580000
2025-02-25,Geo News,9295882677,17700000
2025-02-25,Samma Entertainment,89469246,166000
2025-02-25,Samma News,6052174497,12400000
2025-02-25,Dawn news,697258552,1890000
2025-02-25,Express News,1547599954,4660000
2025-02-26,Geo Entertainment,1416807309,3580000
2025-02-26,Geo News,9301061360,17700000
2025-02-26,Samma Entertainment,89543206,166000
2025-02-26,Samma News,6056425387,12400000
2025-02-26,Dawn news,697655669,1890000
2025-02-26,Express News,1548777586,4660000
2025-02-26,ARY News,8760978562,14500000
2025-02-26,ARY Digital,61556631463,61400000
2025-02-26,Duniya News,4850059181,8620000
2025-02-26,Aaj News,430897129,1450000
2025-02-27,Geo Entertainment,1417644412,3590000
2025-02-27,Geo News,9305473557,17700000
2025-02-27,Samma Entertainment,89595780,166000
2025-02-27,Samma News,6060481340,12400000
2025-02-27,Dawn news,697987668,1890000
2025-02-27,Express News,1550049104,4660000
2025-02-27,ARY News,8762786782,14500000
2025-02-27,ARY Digital,61587852829,61400000
2025-02-27,Duniya News,4851554227,8620000
2025-02-27,Aaj News,431432671,1450000
2025-02-27,92 News,1948222443,5650000
2025-02-27,GNN News,1677264040,3460000
2025-02-27,Public News,1145527770,3230000
2025-02-27,24 News hd,3824696030,8560000
2025-02-27,Bol News,3867234095,7730000
2025-02-27,Hum News,453497238,1600000
2025-02-27,Neo news,683541414,2230000
2025-02-28,Geo Entertainment,1418290867,3590000
2025-02-28,Geo News,9311850587,17700000
2025-02-28,Samma Entertainment,89647543,166000
2025-02-28,Samma News,6065879192,12400000
2025-02-28,Dawn news,699701735,1890000
2025-02-28,Express News,1551647803,4660000
2025-02-28,ARY News,8763671078,14500000
2025-02-28,ARY Digital,61621792484,61400000
2025-02-28,Duniya News,4854617249,8630000
2025-02-28,Aaj News,431995385,1450000
2025-02-28,92 News,1948874670,5650000
2025-02-28,GNN News,1677938325,3460000
2025-02-28,Public News,1145733662,3230000
2025-02-28,24 News hd,3825848600,8560000
2025-02-28,Bol News,3868368864,7730000
2025-02-28,Hum News,453771761,1610000
2025-02-28,Neo news,683650961,2230000
2025-03-01,Geo Entertainment,1418789871,3590000
2025-03-01,Geo News,9322507897,17700000
2025-03-01,Samma Entertainment,89672810,166000
2025-03-01,Samma News,6072524004,12400000
2025-03-01,Dawn news,700552021,1890000
2025-03-01,Express News,1554262177,4670000
2025-03-01,ARY News,8768581805,14500000
2025-03-01,ARY Digital,61649127303,61400000
2025-03-01,Duniya News,4860511293,8640000
2025-03-01,Aaj News,432691427,1450000
2025-03-01,92 News,1949612149,5650000
2025-03-01,GNN News,1678709802,3460000
2025-03-01,Public News,1146812096,3240000
2025-03-01,24 News hd,3827040854,8570000
2025-03-01,Bol News,3869442355,7730000
2025-03-01,Hum News,454538698,1610000
2025-03-01,Neo news,683739229,2230000
2025-03-02,Geo Entertainment,1419182140,3590000
2025-03-02,Geo News,9327900344,17700000
2025-03-02,Samma Entertainment,89693728,166000
2025-03-02,Samma News,6076149324,12400000
2025-03-02,Dawn news,701007857,1900000
2025-03-02,Express News,1555548321,4670000
2025-03-02,ARY News,8770797292,14500000
2025-03-02,ARY Digital,61677680652,61500000
2025-03-02,Duniya News,4862131652,8640000
2025-03-02,Aaj News,433165243,1450000
2025-03-02,92 News,1950224167,5660000
2025-03-02,GNN News,1679359949,3460000
2025-03-02,Public News,1147604157,3240000
2025-03-02,24 News hd,3827835515,8570000
2025-03-02,Bol News,3870533427,7740000
2025-03-02,Hum News,454868293,1610000
2025-03-02,Neo news,683809679,2230000
2025-03-03,Geo Entertainment,1419526419,3590000
2025-03-03,Geo News,9332927524,17700000
2025-03-03,Samma Entertainment,89709737,166000
2025-03-03,Samma News,6079714153,12400000
2025-03-03,Dawn news,701312003,1900000
2025-03-03,Express News,1556748875,4670000
2025-03-03,ARY News,8772709425,14500000
2025-03-03,ARY Digital,61704449517,61500000
2025-03-03,Duniya News,4863149828,8640000
2025-03-03,Aaj News,433614069,1450000
2025-03-03,92 News,1950799339,5660000
2025-03-03,GNN News,1680003290,3460000
2025-03-03,Public News,1148107762,3240000
2025-03-03,24 News hd,3828795750,8570000
2025-03-03,Bol News,3871254031,7740000
2025-03-03,Hum News,455140942,1610000
2025-03-03,Neo news,683874321,2230000
2025-03-04,Geo Entertainment,1419936832,3590000
2025-03-04,Geo News,9338131234,17800000
2025-03-04,Samma Entertainment,89731341,166000
2025-03-04,Samma News,6083763736,12400000
2025-03-04,Dawn news,701608834,1900000
2025-03-04,Express News,1557915996,4680000
2025-03-04,ARY News,8774776125,14500000
2025-03-04,ARY Digital,61734885230,61500000
2025-03-04,Duniya News,4864439621,8650000
2025-03-04,Aaj News,434066153,1460000
2025-03-04,92 News,1951487177,5660000
2025-03-04,GNN News,1680745818,3460000
2025-03-04,Public News,1148587434,3240000
2025-03-04,24 News hd,3829588204,8570000
2025-03-04,Bol News,3872477489,7740000
2025-03-04,Hum News,455381969,1610000
2025-03-04,Neo news,683940609,2230000
2025-03-05,Geo Entertainment,1419936832,3590000
2025-03-05,Geo News,9338131234,17800000
2025-03-05,Samma Entertainment,89731341,166000
2025-03-05,Samma News,6083763736,12400000
2025-03-05,Dawn news,701608834,1900000
2025-03-05,Express News,1557915996,4680000
2025-03-05,ARY News,8774776125,14500000
2025-03-05,ARY Digital,61734885230,61500000
2025-03-05,Duniya News,4864439621,8650000
2025-03-05,Aaj News,434066153,1460000
2025-03-05,92 News,1951487177,5660000
2025-03-05,GNN News,1680745818,3460000
2025-03-05,Public News,1148587434,3240000
2025-03-05,24 News hd,3829588204,8570000
2025-03-05,Bol News,3872477489,7740000
2025-03-05,Hum News,455381969,1610000
2025-03-05,Neo news,683940609,2230000
2025-03-06,Geo Entertainment,1419936832,3600000
2025-03-06,Geo News,9338131234,17800000
2025-03-06,Samma Entertainment,89731341,166000
2025-03-06,Samma News,6083763736,12400000
2025-03-06,Dawn news,701608834,1900000
2025-03-06,Express News,1557915996,4680000
2025-03-06,ARY News,8774776125,14500000
2025-03-06,ARY Digital,61734885230,61600000
2025-03-06,Duniya News,4864439621,8650000
2025-03-06,Aaj News,434066153,1460000
2025-03-06,92 News,1951487177,5660000
2025-03-06,GNN News,1680745818,3460000
2025-03-06,Public News,1148587434,3240000
2025-03-06,24 News hd,3829588204,8570000
2025-03-06,Bol News,3872477489,7740000
2025-03-06,Hum News,455381969,1610000
2025-03-06,Neo news,683940609,2230000
2025-03-07,Geo Entertainment,1419936832,3600000
2025-03-07,Geo News,9338131234,17800000
2025-03-07,Samma Entertainment,89731341,166000
2025-03-07,Samma News,6083763736,12400000
2025-03-07,Dawn news,701608834,1900000
2025-03-07,Express News,1557915996,4680000
2025-03-07,ARY News,8774776125,14500000
2025-03-07,ARY Digital,61734885230,61600000
2025-03-07,Duniya News,4864439621,8650000
2025-03-07,Aaj News,434066153,1460000
2025-03-07,92 News,1951487177,5660000
2025-03-07,GNN News,1680745818,3460000
2025-03-07,Public News,1148587434,3240000
2025-03-07,24 News hd,3829588204,8580000
2025-03-07,Bol News,3872477489,7740000
2025-03-07,Hum News,455381969,1610000
2025-03-07,Neo news,683940609,2230000
2025-03-08,Geo Entertainment,1419936832,3600000
2025-03-08,Geo News,9338131234,17800000
2025-03-08,Samma Entertainment,89731341,166000
2025-03-08,Samma News,6083763736,12400000
2025-03-08,Dawn news,701608834,1900000
2025-03-08,Express News,1557915996,4680000
2025-03-08,ARY News,8774776125,14500000
2025-03-08,ARY Digital,61734885230,61600000
2025-03-08,Duniya News,4864439621,8650000
2025-03-08,Aaj News,434066153,1460000
2025-03-08,92 News,1951487177,5660000
2025-03-08,GNN News,1680745818,3460000
2025-03-08,Public News,1148587434,3240000
2025-03-08,24 News hd,3829588204,8580000
2025-03-08,Bol News,3872477489,7740000
2025-03-08,Hum News,455381969,1610000
2025-03-08,Neo news,683940609,2230000
2025-03-09,Geo Entertainment,1419936832,3600000
2025-03-09,Geo News,9338131234,17800000
2025-03-09,Samma Entertainment,89731341,166000
2025-03-09,Samma News,6083763736,12400000
2025-03-09,Dawn news,701608834,1900000
2025-03-09,Express News,1557915996,4680000
2025-03-09,ARY News,8774776125,14500000
2025-03-09,ARY Digital,61734885230,61600000
2025-03-09,Duniya News,4864439621,8650000
2025-03-09,Aaj News,434066153,1460000
2025-03-09,92 News,1951487177,5660000
2025-03-09,GNN News,1680745818,3460000
2025-03-09,Public News,1148587434,3240000
2025-03-09,24 News hd,3829588204,8580000
2025-03-09,Bol News,3872477489,7740000
2025-03-09,Hum News,455381969,1610000
2025-03-09,Neo news,683940609,2230000
2025-03-10,Geo Entertainment,1419936832,3600000
2025-03-10,Geo News,9338131234,17800000
2025-03-10,Samma Entertainment,89731341,166000
2025-03-10,Samma News,6083763736,12400000
2025-03-10,Dawn news,701608834,1900000
2025-03-10,Express News,1557915996,4690000
2025-03-10,ARY News,8774776125,14500000
2025-03-10,ARY Digital,61734885230,61600000
2025-03-10,Duniya News,4864439621,8650000
2025-03-10,Aaj News,434066153,1460000
2025-03-10,92 News,1951487177,5660000
2025-03-10,GNN News,1680745818,3460000
2025-03-10,Public News,1148587434,3240000
2025-03-10,24 News hd,3829588204,8580000
2025-03-10,Bol News,3872477489,7740000
2025-03-10,Hum News,455381969,1610000
2025-03-10,Neo news,683940609,2230000
2025-03-11,Geo Entertainment,1419936832,3600000
2025-03-11,Geo News,9338131234,17800000
2025-03-11,Samma Entertainment,89731341,166000
2025-03-11,Samma News,6083763736,12400000
2025-03-11,Dawn news,701608834,1900000
2025-03-11,Express News,1557915996,4690000
2025-03-11,ARY News,8774776125,14500000
2025-03-11,ARY Digital,61734885230,61700000
2025-03-11,Duniya News,4864439621,8660000
2025-03-11,Aaj News,434066153,1460000
2025-03-11,92 News,1951487177,5660000
2025-03-11,GNN News,1680745818,3470000
2025-03-11,Public News,1148587434,3240000
2025-03-11,24 News hd,3829588204,8580000
2025-03-11,Bol News,3872477489,7740000
2025-03-11,Hum News,455381969,1610000
2025-03-11,Neo news,683940609,2230000
2025-03-12,Geo Entertainment,1419936832,3600000
2025-03-12,Geo News,9338131234,17800000
2025-03-12,Samma Entertainment,89853237,166000
2025-03-12,Samma News,6083763736,12400000
2025-03-12,Dawn news,704498916,1900000
2025-03-12,Express News,1557915996,4690000
2025-03-12,ARY News,8774776125,14500000
2025-03-12,ARY Digital,61734885230,61700000
2025-03-12,Duniya News,4864439621,8660000
2025-03-12,Aaj News,434066153,1460000
2025-03-12,92 News,1951487177,5660000
2025-03-12,GNN News,1685326743,3470000
2025-03-12,Public News,1148587434,3240000
2025-03-12,24 News hd,3829588204,8580000
2025-03-12,Bol News,3872477489,7740000
2025-03-12,Hum News,455381969,1610000
2025-03-12,Neo news,683940609,2230000
2025-03-13,Geo Entertainment,1419936832,3600000
2025-03-13,Geo News,9338131234,17800000
2025-03-13,Samma Entertainment,89853237,166000
2025-03-13,Samma News,6124101469,12400000
2025-03-13,Dawn news,705352635,1910000
2025-03-13,Express News,1566956599,4690000
2025-03-13,ARY News,8774776125,14500000
2025-03-13,ARY Digital,61734885230,61700000
2025-03-13,Duniya News,4864439621,8660000
2025-03-13,Aaj News,438714078,1470000
2025-03-13,92 News,1951487177,5670000
2025-03-13,GNN News,1685326743,3470000
2025-03-13,Public News,1151585317,3240000
2025-03-13,24 News hd,3829588204,8580000
2025-03-13,Bol News,3872477489,7740000
2025-03-13,Hum News,455381969,1610000
2025-03-13,Neo news,683940609,2230000
2025-03-14,Geo Entertainment,1425137321,3610000
2025-03-14,Geo News,9387863329,17800000
2025-03-14,Samma Entertainment,89866311,166000
2025-03-14,Samma News,6128900050,12400000
2025-03-14,Dawn news,705990844,1910000
2025-03-14,Express News,1568126935,4690000
2025-03-14,ARY News,8795078761,14500000
2025-03-14,ARY Digital,62084481155,61700000
2025-03-14,Duniya News,4879061546,8670000
2025-03-14,Aaj News,439282413,1470000
2025-03-14,92 News,1957631320,5670000
2025-03-14,GNN News,1686665291,3470000
2025-03-14,Public News,1151838309,3250000
2025-03-14,24 News hd,3836671086,8580000
2025-03-14,Bol News,3878952876,7750000
2025-03-14,Hum News,457599609,1610000
2025-03-14,Neo news,685099730,2230000
2025-03-15,Geo Entertainment,1425725215,3610000
2025-03-15,Geo News,9393982641,17800000
2025-03-15,Samma Entertainment,89871726,166000
2025-03-15,Samma News,6134108521,12500000
2025-03-15,Dawn news,706432582,1910000
2025-03-15,Express News,1569712179,4700000
2025-03-15,ARY News,8797407440,14500000
2025-03-15,ARY Digital,62116785469,61700000
2025-03-15,Duniya News,4881253067,8670000
2025-03-15,Aaj News,439901537,1470000
2025-03-15,92 News,1958176653,5670000
2025-03-15,GNN News,1687511919,3470000
2025-03-15,Public News,1152190999,3250000
2025-03-15,24 News hd,3837827830,8590000
2025-03-15,Bol News,3879616751,7750000
2025-03-15,Hum News,457848752,1610000
2025-03-15,Neo news,685210555,2230000
2025-03-16,Geo Entertainment,1426117083,3610000
2025-03-16,Geo News,9398416251,17800000
2025-03-16,Samma Entertainment,89875826,166000
2025-03-16,Samma News,6138210544,12500000
2025-03-16,Dawn news,706739165,1910000
2025-03-16,Express News,1570700783,4700000
2025-03-16,ARY News,8798921047,14500000
2025-03-16,ARY Digital,62145458552,61800000
2025-03-16,Duniya News,4882676549,8670000
2025-03-16,Aaj News,440429426,1470000
2025-03-16,92 News,1958623543,5670000
2025-03-16,GNN News,1688107768,3470000
2025-03-16,Public News,1152399208,3250000
2025-03-16,24 News hd,3838581070,8590000
2025-03-16,Bol News,3880148486,7750000
2025-03-16,Hum News,457994392,1610000
2025-03-16,Neo news,685319045,2230000
2025-03-17,Geo Entertainment,1426634770,3610000
2025-03-17,Geo News,9404318649,17800000
2025-03-17,Samma Entertainment,89881000,166000
2025-03-17,Samma News,6143265618,12500000
2025-03-17,Dawn news,707233448,1910000
2025-03-17,Express News,1571763169,4700000
2025-03-17,ARY News,8801057938,14500000
2025-03-17,ARY Digital,62180583834,61800000
2025-03-17,Duniya News,4884355580,8680000
2025-03-17,Aaj News,441132340,1470000
2025-03-17,92 News,1959303987,5670000
2025-03-17,GNN News,1688749104,3470000
2025-03-17,Public News,1152787532,3250000
2025-03-17,24 News hd,3839318128,8590000
2025-03-17,Bol News,3880944668,7750000
2025-03-17,Hum News,458246514,1610000
2025-03-17,Neo news,685413719,2230000
2025-03-18,Geo Entertainment,1427109777,3610000
2025-03-18,Geo News,9410135633,17800000
2025-03-18,Samma Entertainment,89886096,166000
2025-03-18,Samma News,6147430156,12500000
2025-03-18,Dawn news,707691598,1910000
2025-03-18,Express News,1573003620,4700000
2025-03-18,ARY News,8802860598,14500000
2025-03-18,ARY Digital,62213405639,61800000
2025-03-18,Duniya News,4886394540,8680000
2025-03-18,Aaj News,441508001,1470000
2025-03-18,92 News,1959992103,5670000
2025-03-18,GNN News,1689411516,3470000
2025-03-18,Public News,1153084577,3250000
2025-03-18,24 News hd,3840170649,8590000
2025-03-18,Bol News,3881806867,7750000
2025-03-18,Hum News,458490668,1610000
2025-03-18,Neo news,685510273,2230000
2025-03-19,Geo Entertainment,1427792214,3620000
2025-03-19,Geo News,9416135852,17800000
2025-03-19,Samma Entertainment,89890487,166000
2025-03-19,Samma News,6151811282,12500000
2025-03-19,Dawn news,708216850,1910000
2025-03-19,Express News,1574922752,4710000
2025-03-19,ARY News,8805093867,14500000
2025-03-19,ARY Digital,62246991945,61800000
2025-03-19,Duniya News,4888397715,8680000
2025-03-19,Aaj News,442148386,1470000
2025-03-19,92 News,1960764212,5670000
2025-03-19,GNN News,1690354069,3470000
2025-03-19,Public News,1153566049,3250000
2025-03-19,24 News hd,3840869471,8590000
2025-03-19,Bol News,3882962991,7750000
2025-03-19,Hum News,458700204,1610000
2025-03-19,Neo news,685613224,2230000
2025-03-20,Geo Entertainment,1428960470,3620000
2025-03-20,Geo News,9421978520,17800000
2025-03-20,Samma Entertainment,89894975,166000
2025-03-20,Samma News,6156223540,12500000
2025-03-20,Dawn news,708728354,1910000
2025-03-20,Express News,1576209382,4710000
2025-03-20,ARY News,8807059889,14500000
2025-03-20,ARY Digital,62280703984,61800000
2025-03-20,Duniya News,4890304274,8690000
2025-03-20,Aaj News,442755688,1480000
2025-03-20,92 News,1961461921,5680000
2025-03-20,GNN News,1691241500,3480000
2025-03-20,Public News,1153996062,3250000
2025-03-20,24 News hd,3841815376,8600000
2025-03-20,Bol News,3883737220,7750000
2025-03-20,Hum News,458930479,1610000
2025-03-20,Neo news,685710895,2230000
2025-03-21,Geo Entertainment,1429549802,3620000
2025-03-21,Geo News,9426649244,17800000
2025-03-21,Samma Entertainment,89899354,166000
2025-03-21,Samma News,6159460651,12500000
2025-03-21,Dawn news,709136493,1910000
2025-03-21,Express News,1577281742,4710000
2025-03-21,ARY News,8808681483,14500000
2025-03-21,ARY Digital,62309044730,61900000
2025-03-21,Duniya News,4891644660,8690000
2025-03-21,Aaj News,443206612,1480000
2025-03-21,92 News,1962204458,5680000
2025-03-21,GNN News,1692041910,3480000
2025-03-21,Public News,1154395432,3250000
2025-03-21,24 News hd,3842756157,8600000
2025-03-21,Bol News,3884479611,7760000
2025-03-21,Hum News,459104708,1610000
2025-03-21,Neo news,685794328,2230000
2025-03-22,Geo Entertainment,1430153960,3620000
2025-03-22,Geo News,9432699060,17800000
2025-03-22,Samma Entertainment,89902886,166000
2025-03-22,Samma News,6163505476,12500000
2025-03-22,Dawn news,709600964,1920000
2025-03-22,Express News,1578503302,4710000
2025-03-22,ARY News,8810638286,14500000
2025-03-22,ARY Digital,62340934328,61900000
2025-03-22,Duniya News,4893535909,8690000
2025-03-22,Aaj News,443748468,1480000
2025-03-22,92 News,1963114183,5680000
2025-03-22,GNN News,1692859623,3480000
2025-03-22,Public News,1154737833,3250000
2025-03-22,24 News hd,3843685402,8600000
2025-03-22,Bol News,3885352600,7760000
2025-03-22,Hum News,459314892,1610000
2025-03-22,Neo news,685884729,2230000
2025-03-23,Geo Entertainment,1430612936,3620000
2025-03-23,Geo News,9437567528,17800000
2025-03-23,Samma Entertainment,89906360,166000
2025-03-23,Samma News,6166966382,12500000
2025-03-23,Dawn news,709932397,1920000
2025-03-23,Express News,1579939976,4710000
2025-03-23,ARY News,8812207701,14500000
2025-03-23,ARY Digital,62370545490,61900000
2025-03-23,Duniya News,4894966482,8690000
2025-03-23,Aaj News,444237433,1480000
2025-03-23,92 News,1963841107,5680000
2025-03-23,GNN News,1693397083,3480000
2025-03-23,Public News,1155022380,3250000
2025-03-23,24 News hd,3844616974,8600000
2025-03-23,Bol News,3885973863,7760000
2025-03-23,Hum News,459474582,1620000
2025-03-23,Neo news,686029105,2230000
2025-03-24,Geo Entertainment,1431262447,3620000
2025-03-24,Geo News,9443395912,17900000
2025-03-24,Samma Entertainment,89910276,166000
2025-03-24,Samma News,6171421417,12500000
2025-03-24,Dawn news,710347585,1920000
2025-03-24,Express News,1581132953,4720000
2025-03-24,ARY News,8814040823,14500000
2025-03-24,ARY Digital,62404620405,61900000
2025-03-24,Duniya News,4896471397,8690000
2025-03-24,Aaj News,444669893,1480000
2025-03-24,92 News,1964953677,5690000
2025-03-24,GNN News,1694051698,3480000
2025-03-24,Public News,1155305212,3250000
2025-03-24,24 News hd,3846180226,8610000
2025-03-24,Bol News,3887034824,7760000
2025-03-24,Hum News,459679171,1620000
2025-03-24,Neo news,686175029,2230000
2025-03-25,Geo Entertainment,1431808407,3630000
2025-03-25,Geo News,9448241834,17900000
2025-03-25,Samma Entertainment,89914009,166000
2025-03-25,Samma News,6175137717,12500000
2025-03-25,Dawn news,710760999,1920000
2025-03-25,Express News,1582189041,4720000
2025-03-25,ARY News,8815584507,14500000
2025-03-25,ARY Digital,62436663451,61900000
2025-03-25,Duniya News,4897604175,8700000
2025-03-25,Aaj News,445121474,1480000
2025-03-25,92 News,1965930219,5690000
2025-03-25,GNN News,1694739873,3480000
2025-03-25,Public News,1155686279,3250000
2025-03-25,24 News hd,3847741886,8610000
2025-03-25,Bol News,3888028901,7760000
2025-03-25,Hum News,459858974,1620000
2025-03-25,Neo news,686287763,2230000
2025-03-26,Geo Entertainment,1432496305,3630000
2025-03-26,Geo News,9453045109,17900000
2025-03-26,Samma Entertainment,89917902,166000
2025-03-26,Samma News,6178750620,12500000
2025-03-26,Dawn news,711209646,1920000
2025-03-26,Express News,1583729040,4720000
2025-03-26,ARY News,8817090452,14500000
2025-03-26,ARY Digital,62468010036,62000000
2025-03-26,Duniya News,4899036925,8700000
2025-03-26,Aaj News,445879230,1480000
2025-03-26,92 News,1966721407,5690000
2025-03-26,GNN News,1695530019,3480000
2025-03-26,Public News,1155930349,3250000
2025-03-26,24 News hd,3849208165,8610000
2025-03-26,Bol News,3889336977,7770000
2025-03-26,Hum News,460079042,1620000
2025-03-26,Neo news,686394909,2240000
2025-03-27,Geo Entertainment,1433624089,3630000
2025-03-27,Geo News,9457312786,17900000
2025-03-27,Samma Entertainment,89921179,166000
2025-03-27,Samma News,6182048905,12500000
2025-03-27,Dawn news,711653552,1920000
2025-03-27,Express News,1584964604,4720000
2025-03-27,ARY News,8818604108,14500000
2025-03-27,ARY Digital,62496857059,62000000
2025-03-27,Duniya News,4900149763,8700000
2025-03-27,Aaj News,446511008,1480000
2025-03-27,92 News,1967376503,5690000
2025-03-27,GNN News,1696170281,3480000
2025-03-27,Public News,1156127748,3250000
2025-03-27,24 News hd,3850574390,8620000
2025-03-27,Bol News,3890206336,7770000
2025-03-27,Hum News,460248720,1620000
2025-03-27,Neo news,686487100,2240000
2025-03-28,Geo Entertainment,1434431697,3630000
2025-03-28,Geo News,9462365563,17900000
2025-03-28,Samma Entertainment,89925173,166000
2025-03-28,Samma News,6186105281,12500000
2025-03-28,Dawn news,712159140,1920000
2025-03-28,Express News,1586274359,4730000
2025-03-28,ARY News,8820491244,14500000
2025-03-28,ARY Digital,62530377071,62000000
2025-03-28,Duniya News,4901394973,8700000
2025-03-28,Aaj News,447120464,1490000
2025-03-28,92 News,1968302634,5690000
2025-03-28,GNN News,1697089607,3490000
2025-03-28,Public News,1156401956,3260000
2025-03-28,24 News hd,3851857538,8620000
2025-03-28,Bol News,3891516673,7770000
2025-03-28,Hum News,460447216,1620000
2025-03-28,Neo news,686619042,2240000
2025-03-29,Geo Entertainment,1435064265,3630000
2025-03-29,Geo News,9466692856,17900000
2025-03-29,Samma Entertainment,89928798,166000
2025-03-29,Samma News,6189699103,12500000
2025-03-29,Dawn news,712729558,1920000
2025-03-29,Express News,1587298458,4730000
2025-03-29,ARY News,8822215205,14500000
2025-03-29,ARY Digital,62558967978,62000000
2025-03-29,Duniya News,4902708175,8700000
2025-03-29,Aaj News,447651688,1490000
2025-03-29,92 News,1969059015,5700000
2025-03-29,GNN News,1698027960,3490000
2025-03-29,Public News,1156646171,3260000
2025-03-29,24 News hd,3852799543,8620000
2025-03-29,Bol News,3892624708,7770000
2025-03-29,Hum News,460610510,1620000
2025-03-29,Neo news,686712331,2240000
2025-03-30,Geo Entertainment,1435613163,3630000
2025-03-30,Geo News,9474021611,17900000
2025-03-30,Samma Entertainment,89932526,166000
2025-03-30,Samma News,6194739977,12500000
2025-03-30,Dawn news,713325309,1920000
2025-03-30,Express News,1589154389,4730000
2025-03-30,ARY News,8825171862,14500000
2025-03-30,ARY Digital,62590331178,62000000
2025-03-30,Duniya News,4904152814,8710000
2025-03-30,Aaj News,448252963,1490000
2025-03-30,92 News,1969909686,5700000
2025-03-30,GNN News,1698885030,3490000
2025-03-30,Public News,1157017236,3260000
2025-03-30,24 News hd,3854513328,8630000
2025-03-30,Bol News,3894331675,7780000
2025-03-30,Hum News,460916385,1620000
2025-03-30,Neo news,686802477,2240000
2025-03-31,Geo Entertainment,1436203039,3640000
2025-03-31,Geo News,9480757799,17900000
2025-03-31,Samma Entertainment,89935841,166000
2025-03-31,Samma News,6199510354,12500000
2025-03-31,Dawn news,713776052,1930000
2025-03-31,Express News,1590468770,4740000
2025-03-31,ARY News,8828332285,14600000
2025-03-31,ARY Digital,62615052479,62100000
2025-03-31,Duniya News,4906039769,8710000
2025-03-31,Aaj News,448937336,1490000
2025-03-31,92 News,1970753901,5700000
2025-03-31,GNN News,1699560215,3490000
2025-03-31,Public News,1157278314,3260000
2025-03-31,24 News hd,3855885551,8630000
2025-03-31,Bol News,3895481185,7780000
2025-03-31,Hum News,461157778,1620000
2025-03-31,Neo news,686879462,2240000
2025-04-01,Geo Entertainment,1436793366,3640000
2025-04-01,Geo News,9485649569,17900000
2025-04-01,Samma Entertainment,89939197,166000
2025-04-01,Samma News,6203140752,12500000
2025-04-01,Dawn news,714069050,1930000
2025-04-01,Express News,1591362069,4740000
2025-04-01,ARY News,8830043300,14600000
2025-04-01,ARY Digital,62641349004,62100000
2025-04-01,Duniya News,4907217194,8710000
2025-04-01,Aaj News,449378061,1490000
2025-04-01,92 News,1971488555,5700000
2025-04-01,GNN News,1700143024,3490000
2025-04-01,Public News,1157598656,3260000
2025-04-01,24 News hd,3856747456,8630000
2025-04-01,Bol News,3896693772,7780000
2025-04-01,Hum News,461329082,1620000
2025-04-01,Neo news,686941790,2240000
2025-04-02,Geo Entertainment,1437868829,3640000
2025-04-02,Geo News,9490577047,17900000
2025-04-02,Samma Entertainment,89943158,166000
2025-04-02,Samma News,6207031462,12500000
2025-04-02,Dawn news,714354171,1930000
2025-04-02,Express News,1592260893,4740000
2025-04-02,ARY News,8831578447,14600000
2025-04-02,ARY Digital,62669663626,62100000
2025-04-02,Duniya News,4909287544,8710000
2025-04-02,Aaj News,449831633,1490000
2025-04-02,92 News,1972270786,5700000
2025-04-02,GNN News,1700896100,3490000
2025-04-02,Public News,1158116190,3260000
2025-04-02,24 News hd,3857709317,8630000
2025-04-02,Bol News,3897595132,7780000
2025-04-02,Hum News,461553062,1620000
2025-04-02,Neo news,687000677,2240000
2025-04-03,Geo Entertainment,1438736184,3640000
2025-04-03,Geo News,9495405839,17900000
2025-04-03,Samma Entertainment,89946847,166000
2025-04-03,Samma News,6210691586,12500000
2025-04-03,Dawn news,714741205,1930000
2025-04-03,Express News,1593311322,4740000
2025-04-03,ARY News,8833159407,14600000
2025-04-03,ARY Digital,62699749687,62100000
2025-04-03,Duniya News,4911071624,8720000
2025-04-03,Aaj News,450237654,1490000
2025-04-03,92 News,1973187554,5710000
2025-04-03,GNN News,1701540491,3490000
2025-04-03,Public News,1158676779,3260000
2025-04-03,24 News hd,3858568282,8640000
2025-04-03,Bol News,3898781678,7780000
2025-04-03,Hum News,461786303,1620000
2025-04-03,Neo news,687049884,2240000
2025-04-04,Geo Entertainment,1439743514,3640000
2025-04-04,Geo News,9500866564,17900000
2025-04-04,Samma Entertainment,89951561,166000
2025-04-04,Samma News,6214195692,12500000
2025-04-04,Dawn news,715216683,1930000
2025-04-04,Express News,1594652991,4740000
2025-04-04,ARY News,8834947100,14600000
2025-04-04,ARY Digital,62736415470,62100000
2025-04-04,Duniya News,4912828319,8720000
2025-04-04,Aaj News,450664750,1500000
2025-04-04,92 News,1974214873,5710000
2025-04-04,GNN News,1702200398,3500000
2025-04-04,Public News,1159179351,3260000
2025-04-04,24 News hd,3859654009,8640000
2025-04-04,Bol News,3899598106,7790000
2025-04-04,Hum News,461981724,1620000
2025-04-04,Neo news,687090886,2240000
2025-04-05,Geo Entertainment,1440310225,3650000
2025-04-05,Geo News,9505645528,17900000
2025-04-05,Samma Entertainment,89955292,166000
2025-04-05,Samma News,6217513696,12500000
2025-04-05,Dawn news,715541824,1930000
2025-04-05,Express News,1595751056,4750000
2025-04-05,ARY News,8836656981,14600000
2025-04-05,ARY Digital,62775067271,62200000
2025-04-05,Duniya News,4914256543,8720000
2025-04-05,Aaj News,451037589,1500000
2025-04-05,92 News,1975066237,5710000
2025-04-05,GNN News,1703095795,3500000
2025-04-05,Public News,1159764276,3260000
2025-04-05,24 News hd,3858629872,8640000
2025-04-05,Bol News,3900699697,7790000
2025-04-05,Hum News,462165606,1620000
2025-04-05,Neo news,687140327,2240000
2025-04-06,Geo Entertainment,1440870540,3650000
2025-04-06,Geo News,9511385384,17900000
2025-04-06,Samma Entertainment,89960288,166000
2025-04-06,Samma News,6221158877,12500000
2025-04-06,Dawn news,715958488,1930000
2025-04-06,Express News,1596962084,4750000
2025-04-06,ARY News,8838891951,14600000
2025-04-06,ARY Digital,62825589379,62200000
2025-04-06,Duniya News,4916105562,8720000
2025-04-06,Aaj News,451556781,1500000
2025-04-06,92 News,1976285058,5710000
2025-04-06,GNN News,1704259771,3500000
2025-04-06,Public News,1160025385,3260000
2025-04-06,24 News hd,3859943024,8640000
2025-04-06,Bol News,3902363734,7790000
2025-04-06,Hum News,462463014,1620000
2025-04-06,Neo news,687240344,2240000
2025-04-07,Geo Entertainment,1441385535,3650000
2025-04-07,Geo News,9517201473,17900000
2025-04-07,Samma Entertainment,89965055,166000
2025-04-07,Samma News,6224508324,12600000
2025-04-07,Dawn news,716486132,1930000
2025-04-07,Express News,1598061403,4750000
2025-04-07,ARY News,8840774024,14600000
2025-04-07,ARY Digital,62868676658,62200000
2025-04-07,Duniya News,4917853304,8730000
2025-04-07,Aaj News,452073147,1500000
2025-04-07,92 News,1977320531,5710000
2025-04-07,GNN News,1705206796,3500000
2025-04-07,Public News,1160367472,3260000
2025-04-07,24 News hd,3861043686,8650000
2025-04-07,Bol News,3903840922,7790000
2025-04-07,Hum News,462814235,1620000
2025-04-07,Neo news,687446231,2240000
2025-04-08,Geo Entertainment,1441898574,3650000
2025-04-08,Geo News,9523709219,17900000
2025-04-08,Samma Entertainment,89969423,166000
2025-04-08,Samma News,6227553616,12600000
2025-04-08,Dawn news,717061414,1930000
2025-04-08,Express News,1599061268,4750000
2025-04-08,ARY News,8842860228,14600000
2025-04-08,ARY Digital,62907526042,62200000
2025-04-08,Duniya News,4919856031,8730000
2025-04-08,Aaj News,452535631,1500000
2025-04-08,92 News,1978569537,5720000
2025-04-08,GNN News,1706112580,3500000
2025-04-08,Public News,1160673103,3260000
2025-04-08,24 News hd,3862195679,8650000
2025-04-08,Bol News,3904955866,7800000
2025-04-08,Hum News,463261296,1620000
2025-04-08,Neo news,687611493,2240000
2025-04-09,Geo Entertainment,1442369337,3650000
2025-04-09,Geo News,9529856696,17900000
2025-04-09,Samma Entertainment,89975811,166000
2025-04-09,Samma News,6230501857,12600000
2025-04-09,Dawn news,717552322,1930000
2025-04-09,Express News,1600507484,4760000
2025-04-09,ARY News,8844742787,14600000
2025-04-09,ARY Digital,62950799832,62300000
2025-04-09,Duniya News,4921992067,8740000
2025-04-09,Aaj News,453075827,1500000
2025-04-09,92 News,1979671867,5720000
2025-04-09,GNN News,1706975175,3500000
2025-04-09,Public News,1161276896,3260000
2025-04-09,24 News hd,3863703500,8650000
2025-04-09,Bol News,3906036462,7800000
2025-04-09,Hum News,463852862,1620000
2025-04-09,Neo news,687841038,2240000
2025-04-10,Geo Entertainment,1442991864,3650000
2025-04-10,Geo News,9537290015,18000000
2025-04-10,Samma Entertainment,89982654,167000
2025-04-10,Samma News,6233551686,12600000
2025-04-10,Dawn news,718000216,1930000
2025-04-10,Express News,1601747053,4760000
2025-04-10,ARY News,8846678153,14600000
2025-04-10,ARY Digital,62995555602,62300000
2025-04-10,Duniya News,4924045214,8740000
2025-04-10,Aaj News,453520334,1500000
2025-04-10,92 News,1980662774,5720000
2025-04-10,GNN News,1708130812,3510000
2025-04-10,Public News,1161682975,3270000
2025-04-10,24 News hd,3864935252,8660000
2025-04-10,Bol News,3907586325,7800000
2025-04-10,Hum News,464451882,1620000
2025-04-10,Neo news,688110829,2240000
2025-04-11,Geo Entertainment,1443698022,3650000
2025-04-11,Geo News,9544826805,18000000
2025-04-11,Samma Entertainment,89989770,167000
2025-04-11,Samma News,6236428949,12600000
2025-04-11,Dawn news,718608478,1940000
2025-04-11,Express News,1603265168,4760000
2025-04-11,ARY News,8848756669,14600000
2025-04-11,ARY Digital,63035375203,62300000
2025-04-11,Duniya News,4925909480,8740000
2025-04-11,Aaj News,454228148,1500000
2025-04-11,92 News,1981693153,5730000
2025-04-11,GNN News,1709252214,3510000
2025-04-11,Public News,1162052390,3270000
2025-04-11,24 News hd,3866096283,8660000
2025-04-11,Bol News,3909159088,7800000
2025-04-11,Hum News,465022684,1620000
2025-04-11,Neo news,688339567,2240000
2025-04-12,Geo Entertainment,1444086118,3650000
2025-04-12,Geo News,9553848834,18000000
2025-04-12,Samma Entertainment,89996294,167000
2025-04-12,Samma News,6239579004,12600000
2025-04-12,Dawn news,719126552,1940000
2025-04-12,Express News,1605090367,4770000
2025-04-12,ARY News,8850840008,14600000
2025-04-12,ARY Digital,63074001240,62300000
2025-04-12,Duniya News,4928157674,8750000
2025-04-12,Aaj News,454772710,1510000
2025-04-12,92 News,1982745180,5730000
2025-04-12,GNN News,1710585557,3510000
2025-04-12,Public News,1162379226,3270000
2025-04-12,24 News hd,3867163883,8660000
2025-04-12,Bol News,3911037921,7810000
2025-04-12,Hum News,465564569,1620000
2025-04-12,Neo news,688556867,2240000
2025-04-13,Geo Entertainment,1444929669,3660000
2025-04-13,Geo News,9563720623,18000000
2025-04-13,Samma Entertainment,90002658,167000
2025-04-13,Samma News,6243735775,12600000
2025-04-13,Dawn news,719626203,1940000
2025-04-13,Express News,1606522422,4770000
2025-04-13,ARY News,8853172567,14600000
2025-04-13,ARY Digital,63117528071,62400000
2025-04-13,Duniya News,4930076970,8750000
2025-04-13,Aaj News,455533023,1510000
2025-04-13,92 News,1983757118,5730000
2025-04-13,GNN News,1711674650,3520000
2025-04-13,Public News,1162723890,3270000
2025-04-13,24 News hd,3868365074,8660000
2025-04-13,Bol News,3912844266,7810000
2025-04-13,Hum News,466122651,1620000
2025-04-13,Neo news,688745467,2240000
2025-04-14,Geo Entertainment,1445531349,3660000
2025-04-14,Geo News,9572894466,18000000
2025-04-14,Samma Entertainment,90008244,167000
2025-04-14,Samma News,6248111528,12600000
2025-04-14,Dawn news,720093238,1940000
2025-04-14,Express News,1607776398,4780000
2025-04-14,ARY News,8855215132,14600000
2025-04-14,ARY Digital,63157593245,62400000
2025-04-14,Duniya News,4932035331,8750000
2025-04-14,Aaj News,456130384,1510000
2025-04-14,92 News,1984810825,5730000
2025-04-14,GNN News,1712559995,3520000
2025-04-14,Public News,1163078212,3270000
2025-04-14,24 News hd,3869594875,8670000
2025-04-14,Bol News,3914323474,7810000
2025-04-14,Hum News,466589182,1630000
2025-04-14,Neo news,688931447,2240000
2025-04-15,Geo Entertainment,1446151737,3660000
2025-04-15,Geo News,9581149363,18000000
2025-04-15,Samma Entertainment,90012994,167000
2025-04-15,Samma News,6251416166,12600000
2025-04-15,Dawn news,720441717,1940000
2025-04-15,Express News,1609060858,4780000
2025-04-15,ARY News,8857044624,14600000
2025-04-15,ARY Digital,63199863068,62400000
2025-04-15,Duniya News,4932407094,8760000
2025-04-15,Aaj News,456691263,1510000
2025-04-15,92 News,1985733562,5740000
2025-04-15,GNN News,1713269685,3520000
2025-04-15,Public News,1163452254,3270000
2025-04-15,24 News hd,3870980169,8670000
2025-04-15,Bol News,3915548642,7820000
2025-04-15,Hum News,466996709,1630000
2025-04-15,Neo news,689194933,2240000
2025-04-16,Geo Entertainment,1447294487,3660000
2025-04-16,Geo News,9588186711,18000000
2025-04-16,Samma Entertainment,90017645,167000
2025-04-16,Samma News,6254530169,12600000
2025-04-16,Dawn news,720773600,1940000
2025-04-16,Express News,1610383773,4780000
2025-04-16,ARY News,8858785822,14600000
2025-04-16,ARY Digital,63237009713,62400000
2025-04-16,Duniya News,4933541746,8760000
2025-04-16,Aaj News,457143724,1510000
2025-04-16,92 News,1986444475,5740000
2025-04-16,GNN News,1713998537,3520000
2025-04-16,Public News,1163784749,3270000
2025-04-16,24 News hd,3872128264,8670000
2025-04-16,Bol News,3916416100,7820000
2025-04-16,Hum News,467361592,1630000
2025-04-16,Neo news,689481363,2240000
2025-04-17,Geo Entertainment,1448149400,3660000
2025-04-17,Geo News,9597261839,18000000
2025-04-17,Samma Entertainment,90022650,167000
2025-04-17,Samma News,6258811123,12600000
2025-04-17,Dawn news,721261236,1940000
2025-04-17,Express News,1612211112,4790000
2025-04-17,ARY News,8861058056,14600000
2025-04-17,ARY Digital,63288962270,62500000
2025-04-17,Duniya News,4935302137,8760000
2025-04-17,Aaj News,457853097,1510000
2025-04-17,92 News,1987481792,5740000
2025-04-17,GNN News,1715032784,3520000
2025-04-17,Public News,1164219962,3270000
2025-04-17,24 News hd,3873739402,8680000
2025-04-17,Bol News,3917878846,7820000
2025-04-17,Hum News,467834165,1630000
2025-04-17,Neo news,689796862,2240000
